row,task_type
0,创业人员画像
1,创业人员画像
2,创业人员画像
3,创业人员画像
4,创业人员画像
5,创业人员画像
6,创业人员画像
7,创业人员画像
8,创业人员画像
9,创业人员画像
10,创业人员画像
11,创业人员画像
12,创业人员画像
13,创业人员画像
14,创业人员画像
15,创业人员画像
16,创业人员画像
17,创业人员画像
18,创业人员画像
19,创业人员画像
20,创业人员画像
21,创业人员画像
22,创业人员画像
23,创业人员画像
24,创业人员画像
25,创业人员画像
26,创业人员画像
27,创业人员画像
28,创业人员画像
29,创业人员画像
30,创业能力提升
31,创业能力提升
32,创业能力提升
33,创业能力提升
34,创业能力提升
35,创业能力提升
36,创业能力提升
37,创业能力提升
38,创业能力提升
39,创业能力提升
40,创业能力提升
41,创业能力提升
42,创业能力提升
43,创业能力提升
44,创业能力提升
45,创业能力提升
46,创业能力提升
47,创业能力提升
48,创业能力提升
49,创业能力提升
50,创业能力提升
51,创业能力提升
52,创业能力提升
53,创业能力提升
54,创业能力提升
55,创业能力提升
56,创业能力提升
57,创业能力提升
58,创业能力提升
59,创业能力提升
60,创业机会识别
61,创业机会识别
62,创业机会识别
63,创业机会识别
64,创业机会识别
65,创业机会识别
66,创业机会识别
67,创业机会识别
68,创业机会识别
69,创业机会识别
70,创业机会识别
71,创业机会识别
72,创业机会识别
73,创业机会识别
74,创业机会识别
75,创业机会识别
76,创业机会识别
77,创业机会识别
78,创业机会识别
79,创业机会识别
80,创业机会识别
81,创业机会识别
82,创业机会识别
83,创业机会识别
84,创业机会识别
85,创业机会识别
86,创业机会识别
87,创业机会识别
88,创业机会识别
89,创业机会识别
90,创业路径规划
91,创业路径规划
92,创业路径规划
93,创业路径规划
94,创业路径规划
95,创业路径规划
96,创业路径规划
97,创业路径规划
98,创业路径规划
99,创业路径规划
100,创业路径规划
101,创业路径规划
102,创业路径规划
103,创业路径规划
104,创业路径规划
105,创业路径规划
106,创业路径规划
107,创业路径规划
108,创业路径规划
109,创业路径规划
110,创业路径规划
111,创业路径规划
112,创业路径规划
113,创业路径规划
114,创业路径规划
115,创业路径规划
116,创业路径规划
117,创业路径规划
118,创业路径规划
119,创业路径规划
120,创业计划书生成
121,创业计划书生成
122,创业计划书生成
123,创业计划书生成
124,创业计划书生成
125,创业计划书生成
126,创业计划书生成
127,创业计划书生成
128,创业计划书生成
129,创业计划书生成
130,创业计划书生成
131,创业计划书生成
132,创业计划书生成
133,创业计划书生成
134,创业计划书生成
135,创业计划书生成
136,创业计划书生成
137,创业计划书生成
138,创业计划书生成
139,创业计划书生成
140,创业计划书生成
141,创业计划书生成
142,创业计划书生成
143,创业计划书生成
144,创业计划书生成
145,创业计划书生成
146,创业计划书生成
147,创业计划书生成
148,创业计划书生成
149,创业计划书生成
150,创业项目评估
151,创业项目评估
152,创业项目评估
153,创业项目评估
154,创业项目评估
155,创业项目评估
156,创业项目评估
157,创业项目评估
158,创业项目评估
159,创业项目评估
160,创业项目评估
161,创业项目评估
162,创业项目评估
163,创业项目评估
164,创业项目评估
165,创业项目评估
166,创业项目评估
167,创业项目评估
168,创业项目评估
169,创业项目评估
170,创业项目评估
171,创业项目评估
172,创业项目评估
173,创业项目评估
174,创业项目评估
175,创业项目评估
176,创业项目评估
177,创业项目评估
178,创业项目评估
179,创业项目评估
180,创业资源匹配
181,创业资源匹配
182,创业资源匹配
183,创业资源匹配
184,创业资源匹配
185,创业资源匹配
186,创业资源匹配
187,创业资源匹配
188,创业资源匹配
189,创业资源匹配
190,创业资源匹配
191,创业资源匹配
192,创业资源匹配
193,创业资源匹配
194,创业资源匹配
195,创业资源匹配
196,创业资源匹配
197,创业资源匹配
198,创业资源匹配
199,创业资源匹配
200,创业资源匹配
201,创业资源匹配
202,创业资源匹配
203,创业资源匹配
204,创业资源匹配
205,创业资源匹配
206,创业资源匹配
207,创业资源匹配
208,创业资源匹配
209,创业资源匹配
210,创业风险评估
211,创业风险评估
212,创业风险评估
213,创业风险评估
214,创业风险评估
215,创业风险评估
216,创业风险评估
217,创业风险评估
218,创业风险评估
219,创业风险评估
220,创业风险评估
221,创业风险评估
222,创业风险评估
223,创业风险评估
224,创业风险评估
225,创业风险评估
226,创业风险评估
227,创业风险评估
228,创业风险评估
229,创业风险评估
230,创业风险评估
231,创业风险评估
232,创业风险评估
233,创业风险评估
234,创业风险评估
235,创业风险评估
236,创业风险评估
237,创业风险评估
238,创业风险评估
239,创业风险评估
